,Objective,DownsideSemiStandardDeviation,RMSE,MAD,VaR-0.8,CVaR-0.8,ExcessReturnAverage,ExcessReturn,SortinoIndex,BeatBenchmarkRatio,TotalReturn,AverageReturn,P5,P10,P90,P95
0,0.0020358560763771394,0.009763284647701898,0.013840473860741248,0.010478758688542056,-0.01036912294506857,0.019089653048378372,0.004718849270940551,0.6351705503973543,0.005786322315575127,0.5025104469548912,7.359633029624607,0.05949160089300306,-0.022686162341302316,-0.016763465982954404,0.01683902505530427,0.01683902505530427
