,Objective,DownsideSemiStandardDeviation,RMSE,MAD,VaR-0.8,CVaR-0.8,ExcessReturnAverage,ExcessReturn,SortinoIndex,BeatBenchmarkRatio,TotalReturn,AverageReturn,P5,P10,P90,P95
0,4.698937756040212e-19,0.009414949319939898,0.013304020951677622,0.010212808673732135,-0.010386778277700032,0.01852756444872223,-0.000700472856811352,-0.042372567632644596,-0.00048488750570335244,0.49989445227540497,3.0825485006911957,0.05098009467078912,-0.0219645827020984,-0.016511968543888242,0.01648037535684773,0.01648037535684773
